[["Map",1,2,7,8],"meta::meta",["Map",3,4,5,6],"astro-version","5.0.3","config-digest","8d1b7566f4d3c391","blog",["Map",9,10],"first-post",{"id":9,"data":11,"body":15,"filePath":16,"digest":17,"rendered":18},{"title":12,"description":13,"pubDate":14},"First post","Lorem ipsum dolor sit amet",["Date","2022-07-08T00:00:00.000Z"],"\u003C!-- This Markdown is verbatim from https://github.com/remarkjs/remark-toc?tab=readme-ov-file#use -->\n\n# Pluto\n\nPluto is a dwarf planet in the Kuiper belt.\n\n## Contents\n\n## History\n\n### Discovery\n\nIn the 1840s, Urbain Le Verrier used Newtonian mechanics to predict the\nposition of…\n\n### Name and symbol\n\nThe name Pluto is for the Roman god of the underworld, from a Greek epithet for\nHades…\n\n### Planet X disproved\n\nOnce Pluto was found, its faintness and lack of a viewable disc cast doubt…\n\n## Orbit\n\nPluto’s orbital period is about 248 years…","src/content/blog/first-post.md","e0d18162131331c0",{"html":19,"metadata":20},"\u003C!-- This Markdown is verbatim from https://github.com/remarkjs/remark-toc?tab=readme-ov-file#use -->\n\u003Ch1 id=\"pluto\">Pluto\u003C/h1>\n\u003Cp>Pluto is a dwarf planet in the Kuiper belt.\u003C/p>\n\u003Ch2 id=\"contents\">Contents\u003C/h2>\n\u003Ch2 id=\"history\">History\u003C/h2>\n\u003Ch3 id=\"discovery\">Discovery\u003C/h3>\n\u003Cp>In the 1840s, Urbain Le Verrier used Newtonian mechanics to predict the\nposition of…\u003C/p>\n\u003Ch3 id=\"name-and-symbol\">Name and symbol\u003C/h3>\n\u003Cp>The name Pluto is for the Roman god of the underworld, from a Greek epithet for\nHades…\u003C/p>\n\u003Ch3 id=\"planet-x-disproved\">Planet X disproved\u003C/h3>\n\u003Cp>Once Pluto was found, its faintness and lack of a viewable disc cast doubt…\u003C/p>\n\u003Ch2 id=\"orbit\">Orbit\u003C/h2>\n\u003Cp>Pluto’s orbital period is about 248 years…\u003C/p>",{"headings":21,"imagePaths":46,"frontmatter":11},[22,26,30,33,37,40,43],{"depth":23,"slug":24,"text":25},1,"pluto","Pluto",{"depth":27,"slug":28,"text":29},2,"contents","Contents",{"depth":27,"slug":31,"text":32},"history","History",{"depth":34,"slug":35,"text":36},3,"discovery","Discovery",{"depth":34,"slug":38,"text":39},"name-and-symbol","Name and symbol",{"depth":34,"slug":41,"text":42},"planet-x-disproved","Planet X disproved",{"depth":27,"slug":44,"text":45},"orbit","Orbit",[]]